{"model": "MLP(\n  (model): ModuleList(\n    (0): Linear(in_features=100, out_features=512, bias=True)\n    (1): Sine()\n    (2): LayerNorm((512,), eps=1e-05, elementwise_affine=True)\n    (3): Linear(in_features=512, out_features=512, bias=True)\n    (4): Sine()\n    (5): LayerNorm((512,), eps=1e-05, elementwise_affine=True)\n    (6): Linear(in_features=512, out_features=512, bias=True)\n    (7): Sine()\n    (8): LayerNorm((512,), eps=1e-05, elementwise_affine=True)\n    (9): Linear(in_features=612, out_features=512, bias=True)\n    (10): Sine()\n    (11): LayerNorm((512,), eps=1e-05, elementwise_affine=True)\n    (12): Linear(in_features=512, out_features=512, bias=True)\n    (13): Sine()\n    (14): LayerNorm((512,), eps=1e-05, elementwise_affine=True)\n    (15): Linear(in_features=512, out_features=36, bias=True)\n  )\n)", "optimizer": "Adam (\nParameter Group 0\n    amsgrad: False\n    betas: (0.9, 0.999)\n    capturable: False\n    eps: 1e-08\n    foreach: None\n    lr: 0.0001\n    maximize: False\n    weight_decay: 0\n)", "loss_fn": "MSELoss()", "epochs": 20, "rand_inits": 2, "rand_seed": 11, "experiment notes": "first surface norms experiment", "best_rand_init": 1, "train_results": [{"run": 0, "best_loss": 0.02478785067796707, "train_losses": [0.8764180848092744, 0.4853903452555339, 0.2487310351747455, 0.1265737215677897, 0.06867764212868431, 0.039857734333385124, 0.02986879421002937, 0.027332174055504078, 0.026191754774613815, 0.025457290085879238, 0.025492597710002552, 0.02534787582628655, 0.025269504749413692, 0.02507598472364021, 0.024639395150271328, 0.02436288920315829, 0.02449607126640551, 0.024109881935697613, 0.023942448876120827, 0.023725926876068115], "eval_losses": [0.5455816984176636, 0.3295171558856964, 0.14999668300151825, 0.09650153666734695, 0.04533766582608223, 0.03859848156571388, 0.028482064604759216, 0.029656006023287773, 0.025411730632185936, 0.02507697604596615, 0.02357415296137333, 0.026172161102294922, 0.023879453539848328, 0.025833860039711, 0.024483321234583855, 0.0241329837590456, 0.02351745404303074, 0.02406422421336174, 0.024533476680517197, 0.02478785067796707]}, {"run": 1, "best_loss": 0.025427212938666344, "train_losses": [0.5737878048058712, 0.0943641590349602, 0.03713263526107326, 0.029973682129021847, 0.02750586560278228, 0.027816181833093815, 0.02798299536560521, 0.026654059236699886, 0.02657278920664932, 0.026195439425381748, 0.02587745948271318, 0.025025840961571896, 0.02489289009209835, 0.024903031912716953, 0.024731518644275086, 0.02433008136171283, 0.024360710924321956, 0.024303736108722107, 0.02373821446389863, 0.023427462939060097], "eval_losses": [0.19691559672355652, 0.055285029113292694, 0.025684067979454994, 0.025539712980389595, 0.02712397836148739, 0.026499636471271515, 0.025876222178339958, 0.026910530403256416, 0.025829201564192772, 0.024498874321579933, 0.02596413530409336, 0.025004800409078598, 0.026263471692800522, 0.02234753593802452, 0.024032916873693466, 0.027915069833397865, 0.02420707419514656, 0.022518163546919823, 0.021598486229777336, 0.025427212938666344]}]}