{"model": "MLP(\n  (model): ModuleList(\n    (0): Linear(in_features=100, out_features=512, bias=True)\n    (1): Sine()\n    (2): LayerNorm((512,), eps=1e-05, elementwise_affine=True)\n    (3): Linear(in_features=512, out_features=512, bias=True)\n    (4): Sine()\n    (5): LayerNorm((512,), eps=1e-05, elementwise_affine=True)\n    (6): Linear(in_features=512, out_features=512, bias=True)\n    (7): Sine()\n    (8): LayerNorm((512,), eps=1e-05, elementwise_affine=True)\n    (9): Linear(in_features=612, out_features=512, bias=True)\n    (10): Sine()\n    (11): LayerNorm((512,), eps=1e-05, elementwise_affine=True)\n    (12): Linear(in_features=512, out_features=512, bias=True)\n    (13): Sine()\n    (14): LayerNorm((512,), eps=1e-05, elementwise_affine=True)\n    (15): Linear(in_features=512, out_features=36, bias=True)\n  )\n)", "optimizer": "Adam (\nParameter Group 0\n    amsgrad: False\n    betas: (0.9, 0.999)\n    capturable: False\n    eps: 1e-08\n    foreach: None\n    lr: 0.0001\n    maximize: False\n    weight_decay: 0\n)", "loss_fn": "MSELoss()", "epochs": 20, "rand_inits": 2, "rand_seed": 11, "experiment notes": "first surface norms experiment", "best_rand_init": 1, "train_results": [{"run": 0, "best_loss": 0.022404596209526062, "train_losses": [0.8592688969203404, 0.4704263959612165, 0.22923687526157924, 0.10963680403573173, 0.058541270664760045, 0.0341491733278547, 0.02808485882622855, 0.026027185576302663, 0.02534677301134382, 0.025447544029780795, 0.024861785343715123, 0.02458808422088623, 0.024407916409628732, 0.02427783863885062, 0.023689021383013042, 0.023584566797528947, 0.023415752819606235, 0.02312584945133754, 0.02285950183868408, 0.022619964395250592], "eval_losses": [0.6543869972229004, 0.32420897483825684, 0.1406691074371338, 0.07323021441698074, 0.0520552322268486, 0.031875211745500565, 0.02568920888006687, 0.025261662900447845, 0.02523057721555233, 0.024505723267793655, 0.0254555344581604, 0.024288829416036606, 0.02403014898300171, 0.02381058782339096, 0.023483024910092354, 0.0232322309166193, 0.022195609286427498, 0.0253444854170084, 0.022352095693349838, 0.022404596209526062]}, {"run": 1, "best_loss": 0.024871474131941795, "train_losses": [0.5486097608293806, 0.07423910413469587, 0.033015877859933034, 0.028415795734950473, 0.027646209512438093, 0.026958942413330078, 0.02657512937273298, 0.025770798751286097, 0.02546088525227138, 0.02519784143992833, 0.024628916808537075, 0.024591234752110072, 0.0246268664087568, 0.023928867067609515, 0.02370657750538417, 0.02285846982683454, 0.023261909825461252, 0.022329677854265484, 0.022899442059653146, 0.022295023713793074], "eval_losses": [0.19388507306575775, 0.036946091800928116, 0.051858048886060715, 0.027226561680436134, 0.024275194853544235, 0.025920629501342773, 0.02461843006312847, 0.02358515001833439, 0.02201697789132595, 0.0225248783826828, 0.024319391697645187, 0.023188577964901924, 0.02499011904001236, 0.02222549170255661, 0.026228830218315125, 0.026055745780467987, 0.023792875930666924, 0.02211993746459484, 0.023210987448692322, 0.024871474131941795]}]}