{"model": "MLP(\n  (model): ModuleList(\n    (0): Linear(in_features=100, out_features=512, bias=True)\n    (1): Sine()\n    (2): LayerNorm((512,), eps=1e-05, elementwise_affine=True)\n    (3): Linear(in_features=512, out_features=512, bias=True)\n    (4): Sine()\n    (5): LayerNorm((512,), eps=1e-05, elementwise_affine=True)\n    (6): Linear(in_features=512, out_features=512, bias=True)\n    (7): Sine()\n    (8): LayerNorm((512,), eps=1e-05, elementwise_affine=True)\n    (9): Linear(in_features=612, out_features=512, bias=True)\n    (10): Sine()\n    (11): LayerNorm((512,), eps=1e-05, elementwise_affine=True)\n    (12): Linear(in_features=512, out_features=512, bias=True)\n    (13): Sine()\n    (14): LayerNorm((512,), eps=1e-05, elementwise_affine=True)\n    (15): Linear(in_features=512, out_features=36, bias=True)\n  )\n)", "optimizer": "Adam (\nParameter Group 0\n    amsgrad: False\n    betas: (0.9, 0.999)\n    capturable: False\n    differentiable: False\n    eps: 1e-08\n    foreach: None\n    fused: False\n    lr: 0.0001\n    maximize: False\n    weight_decay: 0\n)", "loss_fn": "MSELoss()", "epochs": 20, "rand_inits": 2, "rand_seed": 11, "experiment notes": "first surface norms experiment", "best_rand_init": 1, "train_results": [{"run": 0, "best_loss": 0.02184636890888214, "train_losses": [0.8523876908896626, 0.4560512874437415, 0.2325162472932235, 0.11224444016166356, 0.05737760101539501, 0.03587061425913935, 0.028050540150075718, 0.02604538979737655, 0.025575278461843296, 0.025270677994990696, 0.02498585935952007, 0.0250005929366402, 0.024321573368017223, 0.024253356283989506, 0.02401419998942942, 0.023623475130053535, 0.023916089016458263, 0.023341159889663475, 0.02276126543680827, 0.022860803465912308], "eval_losses": [0.6396195292472839, 0.2522287368774414, 0.14097058773040771, 0.06667522341012955, 0.041824132204055786, 0.034297965466976166, 0.02443693019449711, 0.029345134273171425, 0.02452581748366356, 0.02517959102988243, 0.02475004829466343, 0.025078367441892624, 0.0230415016412735, 0.024324936792254448, 0.023038271814584732, 0.026301391422748566, 0.022291740402579308, 0.021211771294474602, 0.020102301612496376, 0.02184636890888214]}, {"run": 1, "best_loss": 0.02246108278632164, "train_losses": [0.5410316025001415, 0.07954963739367499, 0.032399986101233444, 0.02843828304954197, 0.027356743812561035, 0.027138093243474545, 0.02713178378948267, 0.02611497692439867, 0.026244306909865227, 0.025365477022917374, 0.024869770243547966, 0.025179900984833206, 0.025031457776608673, 0.02385330372962399, 0.02401106944982556, 0.02303974179254062, 0.022974750270014225, 0.02252225599427154, 0.02238985248233961, 0.0222200328025265], "eval_losses": [0.19519414007663727, 0.04834926128387451, 0.024070266634225845, 0.024674255400896072, 0.023796383291482925, 0.043355632573366165, 0.026951804757118225, 0.028884870931506157, 0.02205418236553669, 0.024215860292315483, 0.02679479494690895, 0.02406230941414833, 0.022175056859850883, 0.023783020675182343, 0.021370159462094307, 0.021618936210870743, 0.02104843594133854, 0.02284451574087143, 0.02452714741230011, 0.02246108278632164]}]}