{"model": "MLP(\n  (model): ModuleList(\n    (0): Linear(in_features=100, out_features=512, bias=True)\n    (1): Sine()\n    (2): LayerNorm((512,), eps=1e-05, elementwise_affine=True)\n    (3): Linear(in_features=512, out_features=512, bias=True)\n    (4): Sine()\n    (5): LayerNorm((512,), eps=1e-05, elementwise_affine=True)\n    (6): Linear(in_features=512, out_features=512, bias=True)\n    (7): Sine()\n    (8): LayerNorm((512,), eps=1e-05, elementwise_affine=True)\n    (9): Linear(in_features=612, out_features=512, bias=True)\n    (10): Sine()\n    (11): LayerNorm((512,), eps=1e-05, elementwise_affine=True)\n    (12): Linear(in_features=512, out_features=512, bias=True)\n    (13): Sine()\n    (14): LayerNorm((512,), eps=1e-05, elementwise_affine=True)\n    (15): Linear(in_features=512, out_features=3, bias=True)\n  )\n)", "optimizer": "Adam (\nParameter Group 0\n    amsgrad: False\n    betas: (0.9, 0.999)\n    capturable: False\n    differentiable: False\n    eps: 1e-08\n    foreach: None\n    fused: False\n    lr: 0.0001\n    maximize: False\n    weight_decay: 0\n)", "loss_fn": "MSELoss()", "epochs": 20, "rand_inits": 2, "rand_seed": 11, "experiment notes": "first surface norms experiment", "best_rand_init": 1, "train_results": [{"run": 0, "best_loss": 0.0030632673297077417, "train_losses": [0.7505680084228515, 0.37375719887869696, 0.17180320194789342, 0.06789763995579311, 0.02416769095829555, 0.008273387806756155, 0.004363982166562762, 0.002934768157345908, 0.002861385260309492, 0.00251540264913014, 0.002691943304879325, 0.0027853518724441527, 0.002282105599130903, 0.0025649939264569964, 0.0023828208446502685, 0.0023796077285494124, 0.002350940874644688, 0.00216177659375327, 0.002365982745374952, 0.0022314614483288355], "eval_losses": [0.4874379634857178, 0.25705862045288086, 0.09789332747459412, 0.03323270380496979, 0.010130686685442924, 0.01484223734587431, 0.0022122738882899284, 0.0027816114015877247, 0.00175442174077034, 0.0017676579300314188, 0.002177509479224682, 0.0027375754434615374, 0.0017142785945907235, 0.002490661107003689, 0.0020610468927770853, 0.0017169076018035412, 0.0024899805430322886, 0.002191042061895132, 0.0022290940396487713, 0.0030632673297077417]}, {"run": 1, "best_loss": 0.0027291900478303432, "train_losses": [0.4549637385777065, 0.04266011714935303, 0.0074839719704219276, 0.004965389200619289, 0.004099890163966588, 0.004045865365437099, 0.004112203632082258, 0.004189972792352949, 0.003938102296420506, 0.003151320346764156, 0.0033427340643746514, 0.003807457855769566, 0.0035510816744395665, 0.003334565247808184, 0.002785941319806235, 0.002809189898627145, 0.002566765674522945, 0.0027990270938192097, 0.00280587375164032, 0.0025037520698138645], "eval_losses": [0.11143666505813599, 0.004145413171499968, 0.00246400642208755, 0.012608044780790806, 0.001996792620047927, 0.0017436654306948185, 0.002080571837723255, 0.0017580816056579351, 0.0020977065432816744, 0.006283213850110769, 0.0026604412123560905, 0.0016247945604845881, 0.0076626320369541645, 0.0017654775874689221, 0.0017935468349605799, 0.001845759223215282, 0.001794789219275117, 0.002421555109322071, 0.0017023523105308414, 0.0027291900478303432]}]}