{"model": "MLP(\n  (model): ModuleList(\n    (0): Linear(in_features=100, out_features=512, bias=True)\n    (1): Sine()\n    (2): LayerNorm((512,), eps=1e-05, elementwise_affine=True)\n    (3): Linear(in_features=512, out_features=512, bias=True)\n    (4): Sine()\n    (5): LayerNorm((512,), eps=1e-05, elementwise_affine=True)\n    (6): Linear(in_features=512, out_features=512, bias=True)\n    (7): Sine()\n    (8): LayerNorm((512,), eps=1e-05, elementwise_affine=True)\n    (9): Linear(in_features=612, out_features=512, bias=True)\n    (10): Sine()\n    (11): LayerNorm((512,), eps=1e-05, elementwise_affine=True)\n    (12): Linear(in_features=512, out_features=512, bias=True)\n    (13): Sine()\n    (14): LayerNorm((512,), eps=1e-05, elementwise_affine=True)\n    (15): Linear(in_features=512, out_features=36, bias=True)\n  )\n)", "optimizer": "Adam (\nParameter Group 0\n    amsgrad: False\n    betas: (0.9, 0.999)\n    capturable: False\n    differentiable: False\n    eps: 1e-08\n    foreach: None\n    fused: False\n    lr: 0.0001\n    maximize: False\n    weight_decay: 0\n)", "loss_fn": "MSELoss()", "epochs": 20, "rand_inits": 2, "rand_seed": 11, "experiment notes": "first surface norms experiment", "best_rand_init": 1, "train_results": [{"run": 0, "best_loss": 0.022845348343253136, "train_losses": [0.8629437582833427, 0.45859216962541854, 0.2261932373046875, 0.11056296484810965, 0.05625642027173724, 0.035617004122052875, 0.028219974040985106, 0.026238111087254115, 0.025133962290627615, 0.025448627131325858, 0.024624810900006976, 0.02469583409173148, 0.024504292011260986, 0.024506664276123045, 0.02404442174094064, 0.023879161902836392, 0.023694753646850586, 0.023237996441977365, 0.023301426001957486, 0.023006270612989155], "eval_losses": [0.5709127187728882, 0.33414793014526367, 0.12815126776695251, 0.08897006511688232, 0.04036970064043999, 0.028068887069821358, 0.025622328743338585, 0.02515384368598461, 0.025868114084005356, 0.02394859492778778, 0.02640390954911709, 0.024476591497659683, 0.026521138846874237, 0.02830217033624649, 0.022851143032312393, 0.02231859415769577, 0.02410055138170719, 0.023875053972005844, 0.022601496428251266, 0.022845348343253136]}, {"run": 1, "best_loss": 0.020504727959632874, "train_losses": [0.5479598999023437, 0.0793104921068464, 0.03183319909232003, 0.028156730106898717, 0.027120845658438548, 0.026226043701171875, 0.026236794676099504, 0.025745597907475062, 0.025260324137551443, 0.02543879066194807, 0.02468200411115374, 0.024863788059779575, 0.024052764688219343, 0.023873904773167202, 0.023585353578839983, 0.023374145371573313, 0.022880123342786517, 0.022718046392713274, 0.022510877677372525, 0.022257135595594134], "eval_losses": [0.13739454746246338, 0.057155292481184006, 0.027901541441679, 0.023484140634536743, 0.026114553213119507, 0.03535236790776253, 0.030168574303388596, 0.023516783490777016, 0.023467542603611946, 0.02388983964920044, 0.023951658979058266, 0.022274868562817574, 0.021764276549220085, 0.02346239984035492, 0.02047077566385269, 0.02210279367864132, 0.02226661518216133, 0.023345474153757095, 0.02220713533461094, 0.020504727959632874]}]}