{"model": "MLP(\n  (model): ModuleList(\n    (0): Linear(in_features=100, out_features=512, bias=True)\n    (1): Sine()\n    (2): LayerNorm((512,), eps=1e-05, elementwise_affine=True)\n    (3): Linear(in_features=512, out_features=512, bias=True)\n    (4): Sine()\n    (5): LayerNorm((512,), eps=1e-05, elementwise_affine=True)\n    (6): Linear(in_features=512, out_features=512, bias=True)\n    (7): Sine()\n    (8): LayerNorm((512,), eps=1e-05, elementwise_affine=True)\n    (9): Linear(in_features=612, out_features=512, bias=True)\n    (10): Sine()\n    (11): LayerNorm((512,), eps=1e-05, elementwise_affine=True)\n    (12): Linear(in_features=512, out_features=512, bias=True)\n    (13): Sine()\n    (14): LayerNorm((512,), eps=1e-05, elementwise_affine=True)\n    (15): Linear(in_features=512, out_features=3, bias=True)\n  )\n)", "optimizer": "Adam (\nParameter Group 0\n    amsgrad: False\n    betas: (0.9, 0.999)\n    capturable: False\n    eps: 1e-08\n    foreach: None\n    lr: 0.0001\n    maximize: False\n    weight_decay: 0\n)", "loss_fn": "MSELoss()", "epochs": 20, "rand_inits": 2, "rand_seed": 11, "test": "TEST!!", "best_rand_init": 1, "train_results": [{"run": 0, "best_loss": 0.0008544324664399028, "train_losses": [0.85804490785341, 0.6177644987364073, 0.4236877286756361, 0.2718112533156936, 0.1901983183783454, 0.11536346899496543, 0.06779926532023661, 0.034980918910052325, 0.026614712702261435, 0.012354075103192716, 0.0058673157079799755, 0.0043694727324150705, 0.002959652929692655, 0.002090503033753988, 0.00197665614856256, 0.0017106738444921132, 0.0013490292067463334, 0.0012924018743875865, 0.0013356137315969209, 0.0013572462909930462], "eval_losses": [0.6980898976325989, 0.5008619427680969, 0.3156467080116272, 0.23360106348991394, 0.16190850734710693, 0.06517956405878067, 0.0517292246222496, 0.04697026312351227, 0.008334392681717873, 0.0070142983458936214, 0.004546409007161856, 0.003708312986418605, 0.002803962677717209, 0.003641996067017317, 0.003492624033242464, 0.0026687183417379856, 0.0006910154479555786, 0.0012844086159020662, 0.0010133902542293072, 0.0008544324664399028]}, {"run": 1, "best_loss": 0.0011664318153634667, "train_losses": [0.0017345120777954926, 0.0015668080666580715, 0.0017633806612040546, 0.0015006223441781225, 0.0011178211787262477, 0.001289153823981414, 0.0013532036462345638, 0.001223072812363908, 0.0012116398964379285, 0.001311649039790437, 0.0013076810015214455, 0.0010850569485007105, 0.0011910650174360017, 0.0013324382740098077, 0.0010767368650114214, 0.000964117211264533, 0.0010214812449506811, 0.001095266962373579, 0.001228436324241999, 0.0011847574968595763], "eval_losses": [0.004208541475236416, 0.002490943530574441, 0.0007149432203732431, 0.000816672807559371, 0.0013186007272452116, 0.002352886600419879, 0.0006856088293716311, 0.0008909140015020967, 0.0015835207886993885, 0.000802903319709003, 0.0007205688743852079, 0.0007967514684423804, 0.0007692655781283975, 0.0006744168349541724, 0.0006685169064439833, 0.000797499786131084, 0.0013610771857202053, 0.0009576883749105036, 0.0014045294374227524, 0.0011664318153634667]}]}