{"model": "MLP(\n  (model): ModuleList(\n    (0): Linear(in_features=100, out_features=512, bias=True)\n    (1): Sine()\n    (2): LayerNorm((512,), eps=1e-05, elementwise_affine=True)\n    (3): Linear(in_features=512, out_features=512, bias=True)\n    (4): Sine()\n    (5): LayerNorm((512,), eps=1e-05, elementwise_affine=True)\n    (6): Linear(in_features=512, out_features=512, bias=True)\n    (7): Sine()\n    (8): LayerNorm((512,), eps=1e-05, elementwise_affine=True)\n    (9): Linear(in_features=612, out_features=512, bias=True)\n    (10): Sine()\n    (11): LayerNorm((512,), eps=1e-05, elementwise_affine=True)\n    (12): Linear(in_features=512, out_features=512, bias=True)\n    (13): Sine()\n    (14): LayerNorm((512,), eps=1e-05, elementwise_affine=True)\n    (15): Linear(in_features=512, out_features=36, bias=True)\n  )\n)", "optimizer": "Adam (\nParameter Group 0\n    amsgrad: False\n    betas: (0.9, 0.999)\n    capturable: False\n    differentiable: False\n    eps: 1e-08\n    foreach: None\n    fused: False\n    lr: 0.0001\n    maximize: False\n    weight_decay: 0\n)", "loss_fn": "MSELoss()", "epochs": 20, "rand_inits": 2, "rand_seed": 11, "experiment notes": "first surface norms experiment", "best_rand_init": 1, "train_results": [{"run": 0, "best_loss": 0.024975748732686043, "train_losses": [0.9751926112819362, 0.7125357550543707, 0.513168798910605, 0.35647557232830973, 0.23929995459479256, 0.16595471871865763, 0.11696733010781778, 0.07667317905941524, 0.0571620850949674, 0.0424566075608537, 0.03541079405191783, 0.029489030709137786, 0.028081939027116105, 0.026879346048509754, 0.026670336723327637, 0.026434440870542784, 0.02569886639311507, 0.02560201206722775, 0.026040552435694513, 0.02578915937526806], "eval_losses": [0.7936993837356567, 0.5656576156616211, 0.4401245415210724, 0.3270637094974518, 0.20543791353702545, 0.16858579218387604, 0.10454916208982468, 0.05449777841567993, 0.03868653252720833, 0.03390410542488098, 0.03346535563468933, 0.028465792536735535, 0.025731882080435753, 0.025723541155457497, 0.027102084830403328, 0.024319753050804138, 0.02669442817568779, 0.024849938228726387, 0.02545628696680069, 0.024975748732686043]}, {"run": 1, "best_loss": 0.02501532807946205, "train_losses": [0.8751151626174515, 0.4354135667955553, 0.19841387465193466, 0.10911710842235668, 0.0652326184350091, 0.04277620766613934, 0.032952920810596364, 0.029507775564451475, 0.027578031694566883, 0.02701147343661334, 0.027080829079086717, 0.026264171342591982, 0.026130689157022012, 0.027164298134881096, 0.025807151923308503, 0.026258178659387538, 0.025595412061021134, 0.026259465797527415, 0.02626393936775826, 0.025743872732729524], "eval_losses": [0.6472585797309875, 0.2919773757457733, 0.14454053342342377, 0.11312079429626465, 0.050922609865665436, 0.037192150950431824, 0.026757579296827316, 0.031167641282081604, 0.026914818212389946, 0.02583768032491207, 0.025262705981731415, 0.024248477071523666, 0.02483200468122959, 0.027409400790929794, 0.027794748544692993, 0.023889116942882538, 0.027789300307631493, 0.027588529512286186, 0.02363712340593338, 0.02501532807946205]}]}