{"model": "MLP(\n  (model): ModuleList(\n    (0): Linear(in_features=101, out_features=512, bias=True)\n    (1): Sine()\n    (2): LayerNorm((512,), eps=1e-05, elementwise_affine=True)\n    (3): Linear(in_features=512, out_features=512, bias=True)\n    (4): Sine()\n    (5): LayerNorm((512,), eps=1e-05, elementwise_affine=True)\n    (6): Linear(in_features=512, out_features=512, bias=True)\n    (7): Sine()\n    (8): LayerNorm((512,), eps=1e-05, elementwise_affine=True)\n    (9): Linear(in_features=613, out_features=512, bias=True)\n    (10): Sine()\n    (11): LayerNorm((512,), eps=1e-05, elementwise_affine=True)\n    (12): Linear(in_features=512, out_features=512, bias=True)\n    (13): Sine()\n    (14): LayerNorm((512,), eps=1e-05, elementwise_affine=True)\n    (15): Linear(in_features=512, out_features=36, bias=True)\n  )\n)", "optimizer": "Adam (\nParameter Group 0\n    amsgrad: False\n    betas: (0.9, 0.999)\n    capturable: False\n    eps: 1e-08\n    foreach: None\n    lr: 0.0001\n    maximize: False\n    weight_decay: 0\n)", "loss_fn": "MSELoss()", "epochs": 20, "rand_inits": 2, "rand_seed": 11, "experiment notes": "first surface norms experiment", "best_rand_init": 1, "train_results": [{"run": 0, "best_loss": 0.021987788379192352, "train_losses": [0.9346616408404183, 0.6046254775103401, 0.37006815742043886, 0.22016254125856885, 0.12784379136328602, 0.07552150651520374, 0.048537132786769493, 0.03478821586160099, 0.028322554102130963, 0.026477210661944223, 0.025133446151135014, 0.02452228583541571, 0.024147393656711952, 0.02388133020961986, 0.023670018887987324, 0.023473187988879634, 0.02320419807060092, 0.022986793050578998, 0.022718581498837938, 0.0224838280210308], "eval_losses": [0.7524617910385132, 0.46264001727104187, 0.272463858127594, 0.1711326688528061, 0.09121350198984146, 0.057112421840429306, 0.04053594917058945, 0.028674952685832977, 0.028184829279780388, 0.02477153390645981, 0.023934772238135338, 0.024792544543743134, 0.02414843440055847, 0.023664090782403946, 0.024038484320044518, 0.023414840921759605, 0.022465791553258896, 0.02261403761804104, 0.0225847065448761, 0.021987788379192352]}, {"run": 1, "best_loss": 0.021670158952474594, "train_losses": [0.7389383503035003, 0.21437676747639975, 0.07225429310518153, 0.037117261512606754, 0.0282896873997707, 0.026745368452633127, 0.02559956382302677, 0.025229320806615493, 0.0249027364394244, 0.02448245590808345, 0.024236405597013587, 0.02377617359161377, 0.02341917449352788, 0.023072983704361262, 0.022833567039639343, 0.02256317933400472, 0.022313601830426383, 0.022213213584002328, 0.021868619264340868, 0.021501730470096365], "eval_losses": [0.3625856339931488, 0.0997859463095665, 0.047701649367809296, 0.03293672576546669, 0.03276439011096954, 0.02680106647312641, 0.025459319353103638, 0.025454025715589523, 0.025115109980106354, 0.023021306842565536, 0.0249859057366848, 0.023031655699014664, 0.023944364860653877, 0.022274812683463097, 0.022146595641970634, 0.022818589583039284, 0.021712861955165863, 0.0225827693939209, 0.021206097677350044, 0.021670158952474594]}]}