{"model": "MLP(\n  (model): ModuleList(\n    (0): Linear(in_features=100, out_features=512, bias=True)\n    (1): Sine()\n    (2): LayerNorm((512,), eps=1e-05, elementwise_affine=True)\n    (3): Linear(in_features=512, out_features=512, bias=True)\n    (4): Sine()\n    (5): LayerNorm((512,), eps=1e-05, elementwise_affine=True)\n    (6): Linear(in_features=512, out_features=512, bias=True)\n    (7): Sine()\n    (8): LayerNorm((512,), eps=1e-05, elementwise_affine=True)\n    (9): Linear(in_features=612, out_features=512, bias=True)\n    (10): Sine()\n    (11): LayerNorm((512,), eps=1e-05, elementwise_affine=True)\n    (12): Linear(in_features=512, out_features=512, bias=True)\n    (13): Sine()\n    (14): LayerNorm((512,), eps=1e-05, elementwise_affine=True)\n    (15): Linear(in_features=512, out_features=36, bias=True)\n  )\n)", "optimizer": "Adam (\nParameter Group 0\n    amsgrad: False\n    betas: (0.9, 0.999)\n    capturable: False\n    eps: 1e-08\n    foreach: None\n    lr: 0.0001\n    maximize: False\n    weight_decay: 0\n)", "loss_fn": "MSELoss()", "epochs": 50, "rand_inits": 3, "rand_seed": 11, "experiment notes": "first surface norms experiment", "best_rand_init": 2, "train_results": [{"run": 0, "best_loss": 0.021466296166181564, "train_losses": [0.9722536447885874, 0.718824747446421, 0.5058237539755331, 0.3513306024912241, 0.25034724055109797, 0.168268938322325, 0.1109664891217206, 0.07849506429723792, 0.0563612886377283, 0.04078582815221838, 0.035100579261779785, 0.030629592972832756, 0.027742807929580275, 0.02667464436711492, 0.026434519806423702, 0.025884223950875772, 0.02556349296827574, 0.025958285138413712, 0.025625024292920087, 0.025480937313389133, 0.025388851359083846, 0.025053264321507635, 0.025639849740105705, 0.024693682387068466, 0.024525626285656077, 0.024464499306034396, 0.02465198329977087, 0.024394832752846384, 0.024555911888947356, 0.024556685138393094, 0.02430790984952772, 0.024086900659509608, 0.02385419123881572, 0.023546866468481115, 0.02376111939146712, 0.023750269735181653, 0.023565712812784557, 0.023601949214935303, 0.023225756915839942, 0.023605237136016022, 0.023141782026033144, 0.02302442692421578, 0.02315267678853628, 0.022918214669098724, 0.022803354907680203, 0.022801755247889337, 0.022633056382875185, 0.022394525038229453, 0.022840380668640137, 0.022630622258057464], "eval_losses": [0.8145589828491211, 0.6278841495513916, 0.3682212829589844, 0.2965204119682312, 0.2141195386648178, 0.14829976856708527, 0.09432212263345718, 0.06791242957115173, 0.04132957383990288, 0.03597468510270119, 0.03159076347947121, 0.026483414694666862, 0.02893652208149433, 0.025718895718455315, 0.026049841195344925, 0.027945641428232193, 0.025673523545265198, 0.02360101416707039, 0.02417382225394249, 0.026542453095316887, 0.02588883601129055, 0.025165602564811707, 0.025609422475099564, 0.024742646142840385, 0.023493072018027306, 0.02547108754515648, 0.021779200062155724, 0.02380085550248623, 0.023604540154337883, 0.023789023980498314, 0.02305218204855919, 0.02731996960937977, 0.023186344653367996, 0.024015530943870544, 0.02221175655722618, 0.02271735481917858, 0.022470640018582344, 0.022645404562354088, 0.022852450609207153, 0.022911205887794495, 0.023802166804671288, 0.02236512117087841, 0.023619184270501137, 0.022279616445302963, 0.02286047488451004, 0.023650959134101868, 0.021480703726410866, 0.02175351046025753, 0.02319958806037903, 0.021466296166181564]}, {"run": 1, "best_loss": 0.02102039009332657, "train_losses": [0.721517614416174, 0.1929442818100388, 0.06327326233322556, 0.034727673272828795, 0.028410122201249405, 0.02954891887870995, 0.029197493114986935, 0.027282286334682156, 0.02691240085137857, 0.029455784204843884, 0.027661236556800636, 0.027845186156195564, 0.02617345951698922, 0.02748911767392545, 0.025494533616143303, 0.027157648189647776, 0.02657561849903416, 0.025414259047121614, 0.025892040214023075, 0.02454120565105129, 0.025513007834150985, 0.02490094384631595, 0.024844955753635715, 0.02551393090067683, 0.02439862650793952, 0.024282816294077282, 0.024397075176239014, 0.02393434176573882, 0.023593143836872, 0.023783896420453046, 0.023715805363010715, 0.022898346991152375, 0.023100231144879316, 0.023246401065104717, 0.024098612166739797, 0.023131575133349444, 0.02304724744848303, 0.022954314141660125, 0.02268862079929661, 0.022485510723010915, 0.02251177220731168, 0.022497041805370432, 0.022258977632264833, 0.02239149164509129, 0.022199352045316954, 0.02204998119457348, 0.022203848168656632, 0.02196475782909909, 0.02208077907562256, 0.022003848810453672], "eval_losses": [0.35606294870376587, 0.10306071490049362, 0.026237649843096733, 0.02601412497460842, 0.026764145120978355, 0.02471264638006687, 0.028636358678340912, 0.02649601921439171, 0.025799788534641266, 0.024368008598685265, 0.029340049251914024, 0.027457837015390396, 0.0303539726883173, 0.025164395570755005, 0.024146312847733498, 0.024370364844799042, 0.025005720555782318, 0.025202026590704918, 0.02311534620821476, 0.023765556514263153, 0.023652078583836555, 0.02332807332277298, 0.024675266817212105, 0.02199685201048851, 0.021541250869631767, 0.02294345200061798, 0.021870944648981094, 0.02543363906443119, 0.028105830773711205, 0.02231895923614502, 0.021472735330462456, 0.023657415062189102, 0.023642560467123985, 0.027346957474946976, 0.022976312786340714, 0.022454285994172096, 0.02158156968653202, 0.021758990362286568, 0.02399442344903946, 0.022144710645079613, 0.023112621158361435, 0.022187773138284683, 0.02205132693052292, 0.021266944706439972, 0.022630872204899788, 0.021114839240908623, 0.022961314767599106, 0.024194741621613503, 0.021314477548003197, 0.02102039009332657]}, {"run": 2, "best_loss": 0.022566238418221474, "train_losses": [0.6398250992233688, 0.11138095082463445, 0.04145521086615485, 0.031247783351588895, 0.030003215815569903, 0.03069775168960159, 0.03167170447272223, 0.028583597492527316, 0.03050317635407319, 0.028381959812061208, 0.02843102248939308, 0.029484014253358583, 0.0277743758382024, 0.027236149117753312, 0.026207279514622043, 0.025615679251181113, 0.026596620276167587, 0.025009702991794894, 0.02479563049367956, 0.025585736777331378, 0.0258854772593524, 0.02438912359443871, 0.02463733666651958, 0.025354791331935574, 0.024238956941140664, 0.024844087458945608, 0.02419043070561177, 0.023664110415690654, 0.024097682656468573, 0.023773481716980804, 0.02359639309548043, 0.023191170112506765, 0.022844747917072195, 0.022743318531964277, 0.022752744120520516, 0.022937880980001914, 0.022556805932844006, 0.022660988408166008, 0.022397645421930262, 0.02263127629821365, 0.02235568214107204, 0.022105033333237108, 0.021955865460473137, 0.02213403018745216, 0.02235394877356452, 0.02201437466853374, 0.021707309258950723, 0.021924813051481504, 0.02178447794269871, 0.021772336315464328], "eval_losses": [0.24877776205539703, 0.03634807467460632, 0.027662387117743492, 0.02426092140376568, 0.03145685791969299, 0.03265673667192459, 0.023208152502775192, 0.023947667330503464, 0.03896939381957054, 0.030244631692767143, 0.0242964755743742, 0.02869056724011898, 0.02445741556584835, 0.02910255640745163, 0.022242750972509384, 0.025726133957505226, 0.028612935915589333, 0.025213394314050674, 0.027080846950411797, 0.03053804114460945, 0.03105161525309086, 0.02262161858379841, 0.022677721455693245, 0.024226820096373558, 0.023210981860756874, 0.025833383202552795, 0.02589583769440651, 0.024888895452022552, 0.021792281419038773, 0.022063080221414566, 0.022293904796242714, 0.020934000611305237, 0.02585378661751747, 0.023621270433068275, 0.02320028655230999, 0.02222912758588791, 0.021251745522022247, 0.025207674130797386, 0.022708719596266747, 0.023023536428809166, 0.0242978073656559, 0.021119533106684685, 0.0230130385607481, 0.021408630535006523, 0.020815517753362656, 0.0213849525898695, 0.024420125409960747, 0.02171841822564602, 0.021119222044944763, 0.022566238418221474]}]}