{"model": "MLP(\n  (model): ModuleList(\n    (0): Linear(in_features=100, out_features=512, bias=True)\n    (1): Sine()\n    (2): LayerNorm((512,), eps=1e-05, elementwise_affine=True)\n    (3): Linear(in_features=512, out_features=512, bias=True)\n    (4): Sine()\n    (5): LayerNorm((512,), eps=1e-05, elementwise_affine=True)\n    (6): Linear(in_features=512, out_features=512, bias=True)\n    (7): Sine()\n    (8): LayerNorm((512,), eps=1e-05, elementwise_affine=True)\n    (9): Linear(in_features=612, out_features=512, bias=True)\n    (10): Sine()\n    (11): LayerNorm((512,), eps=1e-05, elementwise_affine=True)\n    (12): Linear(in_features=512, out_features=512, bias=True)\n    (13): Sine()\n    (14): LayerNorm((512,), eps=1e-05, elementwise_affine=True)\n    (15): Linear(in_features=512, out_features=3, bias=True)\n  )\n)", "optimizer": "Adam (\nParameter Group 0\n    amsgrad: False\n    betas: (0.9, 0.999)\n    capturable: False\n    eps: 1e-08\n    foreach: None\n    lr: 0.0001\n    maximize: False\n    weight_decay: 0\n)", "loss_fn": "MSELoss()", "epochs": 5, "rand_inits": 3, "rand_seed": 11, "test": "TEST!!", "best_rand_init": 2, "train_results": [{"run": 0, "best_loss": 0.1570957750082016, "train_losses": [0.8653149991422087, 0.6170413558547562, 0.409592680028967, 0.282894263396392, 0.18608044289253853], "eval_losses": [0.7262679934501648, 0.4962866008281708, 0.3492699861526489, 0.2119516134262085, 0.1570957750082016]}, {"run": 1, "best_loss": 0.1568833291530609, "train_losses": [0.8503541173161687, 0.5487685847926784, 0.3597788939604888, 0.22369261045713681, 0.13711730853931323], "eval_losses": [0.6882073879241943, 0.4558018445968628, 0.30385786294937134, 0.17744717001914978, 0.1568833291530609]}, {"run": 2, "best_loss": 0.07673683762550354, "train_losses": [0.8523533795330975, 0.5508242942191459, 0.34204114449990763, 0.20429055755202835, 0.13908521549121752], "eval_losses": [0.744568407535553, 0.45600011944770813, 0.24063387513160706, 0.16071803867816925, 0.07673683762550354]}]}