{"model": "MLP(\n  (model): ModuleList(\n    (0): Linear(in_features=100, out_features=512, bias=True)\n    (1): Sine()\n    (2): LayerNorm((512,), eps=1e-05, elementwise_affine=True)\n    (3): Linear(in_features=512, out_features=512, bias=True)\n    (4): Sine()\n    (5): LayerNorm((512,), eps=1e-05, elementwise_affine=True)\n    (6): Linear(in_features=512, out_features=512, bias=True)\n    (7): Sine()\n    (8): LayerNorm((512,), eps=1e-05, elementwise_affine=True)\n    (9): Linear(in_features=612, out_features=512, bias=True)\n    (10): Sine()\n    (11): LayerNorm((512,), eps=1e-05, elementwise_affine=True)\n    (12): Linear(in_features=512, out_features=512, bias=True)\n    (13): Sine()\n    (14): LayerNorm((512,), eps=1e-05, elementwise_affine=True)\n    (15): Linear(in_features=512, out_features=3, bias=True)\n  )\n)", "optimizer": "Adam (\nParameter Group 0\n    amsgrad: False\n    betas: (0.9, 0.999)\n    capturable: False\n    eps: 1e-08\n    foreach: None\n    lr: 0.0001\n    maximize: False\n    weight_decay: 0\n)", "loss_fn": "MSELoss()", "epochs": 5, "rand_inits": 2, "rand_seed": 11, "test": "TEST!!", "best_rand_init": 1, "train_results": [{"run": 0, "best_loss": 0.17435051500797272, "train_losses": [0.8634101249076225, 0.6185072306040171, 0.4249277630367795, 0.2853929158803579, 0.18058818095439189], "eval_losses": [0.7089905142784119, 0.4594394564628601, 0.3048134446144104, 0.21085791289806366, 0.17435051500797272]}, {"run": 1, "best_loss": 0.10694325715303421, "train_losses": [0.8538391525680954, 0.5581130981445312, 0.35830221949396907, 0.22797783001049146, 0.1494350175599794], "eval_losses": [0.6530237793922424, 0.4485509991645813, 0.2964801490306854, 0.16170620918273926, 0.10694325715303421]}]}